{
    "supportREM": true,
    "supportChanged": false,
    "reversion": false,
    "projectType": "normal",
    "modules": [],
    "choseModules": [],
    "businessName": "",
    "server": {
        "host": "localhost",
        "port": 8089,
        "liverload": true,
        "proxys": []
    },
    "ftp": {
        "host": "",
        "port": "22",
        "user": "",
        "pass": "",
        "remotePath": "/",
        "ignoreFileRegExp": "",
        "ssh": false
    },
    "package": {
        "type": "zip",
        "version": "0.0.1",
        "fileRegExp": "${name}-${moduleName}-${version}-${time}"
    }
}